{"nm":"newScene","ddd":0,"h":464,"w":459,"meta":{"g":"LottieFiles Figma v35"},"layers":[{"ty":4,"nm":"","sr":1,"st":0,"op":121,"ip":0,"hd":false,"ddd":0,"bm":0,"hasMask":false,"ao":0,"ks":{"a":{"a":1,"k":[{"o":{"x":0,"y":0},"i":{"x":0.58,"y":1},"s":[30.81,55.72],"t":0},{"o":{"x":0,"y":0},"i":{"x":0.58,"y":1},"s":[30.81,55.72],"t":30},{"o":{"x":0,"y":0},"i":{"x":0.58,"y":1},"s":[30.81,55.72],"t":60},{"o":{"x":0,"y":0},"i":{"x":0.58,"y":1},"s":[30.81,55.72],"t":90},{"s":[30.81,55.72],"t":120}]},"s":{"a":1,"k":[{"o":{"x":0,"y":0},"i":{"x":0.58,"y":1},"s":[100,100],"t":0},{"o":{"x":0,"y":0},"i":{"x":0.58,"y":1},"s":[100,100],"t":30},{"o":{"x":0,"y":0},"i":{"x":0.58,"y":1},"s":[100,100],"t":60},{"o":{"x":0,"y":0},"i":{"x":0.58,"y":1},"s":[100,100],"t":90},{"s":[100,100],"t":120}]},"sk":{"a":0,"k":0},"p":{"a":1,"k":[{"o":{"x":0,"y":0},"i":{"x":0.58,"y":1},"s":[291.4,268.08],"t":0},{"o":{"x":0,"y":0},"i":{"x":0.58,"y":1},"s":[259.81,286.65],"t":30},{"o":{"x":0,"y":0},"i":{"x":0.58,"y":1},"s":[229.81,304.65],"t":60},{"o":{"x":0,"y":0},"i":{"x":0.58,"y":1},"s":[200.23,287.21],"t":90},{"s":[169.23,269.21],"t":120}]},"r":{"a":1,"k":[{"o":{"x":0,"y":0},"i":{"x":0.58,"y":1},"s":[0],"t":0},{"o":{"x":0,"y":0},"i":{"x":0.58,"y":1},"s":[0],"t":30},{"o":{"x":0,"y":0},"i":{"x":0.58,"y":1},"s":[0],"t":60},{"o":{"x":0,"y":0},"i":{"x":0.58,"y":1},"s":[0],"t":90},{"s":[0],"t":120}]},"sa":{"a":0,"k":0},"o":{"a":1,"k":[{"o":{"x":0,"y":0},"i":{"x":0.58,"y":1},"s":[100],"t":0},{"o":{"x":0,"y":0},"i":{"x":0.58,"y":1},"s":[100],"t":30},{"o":{"x":0,"y":0},"i":{"x":0.58,"y":1},"s":[100],"t":60},{"o":{"x":0,"y":0},"i":{"x":0.58,"y":1},"s":[100],"t":90},{"s":[100],"t":120}]}},"ef":[],"shapes":[{"ty":"sh","bm":0,"hd":false,"nm":"","d":1,"ks":{"a":1,"k":[{"o":{"x":0,"y":0},"i":{"x":0.58,"y":1},"s":[{"c":true,"i":[[0,0],[0,0],[0,0],[0,0],[0,0]],"o":[[0,0],[0,0],[0,0],[0,0],[0,0]],"v":[[61.63,36.97],[61.63,111.43],[0,74.45],[0,0],[61.63,36.97]]}],"t":0},{"o":{"x":0,"y":0},"i":{"x":0.58,"y":1},"s":[{"c":true,"i":[[0,0],[0,0],[0,0],[0,0],[0,0]],"o":[[0,0],[0,0],[0,0],[0,0],[0,0]],"v":[[61.63,36.97],[61.63,111.43],[0,74.45],[0,0],[61.63,36.97]]}],"t":30},{"o":{"x":0,"y":0},"i":{"x":0.58,"y":1},"s":[{"c":true,"i":[[0,0],[0,0],[0,0],[0,0],[0,0]],"o":[[0,0],[0,0],[0,0],[0,0],[0,0]],"v":[[61.63,36.97],[61.63,111.43],[0,74.45],[0,0],[61.63,36.97]]}],"t":60},{"o":{"x":0,"y":0},"i":{"x":0.58,"y":1},"s":[{"c":true,"i":[[0,0],[0,0],[0,0],[0,0],[0,0]],"o":[[0,0],[0,0],[0,0],[0,0],[0,0]],"v":[[61.63,36.97],[61.63,111.43],[0,74.45],[0,0],[61.63,36.97]]}],"t":90},{"s":[{"c":true,"i":[[0,0],[0,0],[0,0],[0,0],[0,0]],"o":[[0,0],[0,0],[0,0],[0,0],[0,0]],"v":[[61.63,36.97],[61.63,111.43],[0,74.45],[0,0],[61.63,36.97]]}],"t":120}]}},{"ty":"fl","bm":0,"hd":false,"nm":"","c":{"a":1,"k":[{"o":{"x":0,"y":0},"i":{"x":0.58,"y":1},"s":[0.902,0.902,0.902],"t":0},{"o":{"x":0,"y":0},"i":{"x":0.58,"y":1},"s":[0.902,0.902,0.902],"t":30},{"o":{"x":0,"y":0},"i":{"x":0.58,"y":1},"s":[0.902,0.902,0.902],"t":60},{"o":{"x":0,"y":0},"i":{"x":0.58,"y":1},"s":[0.902,0.902,0.902],"t":90},{"s":[0.902,0.902,0.902],"t":120}]},"r":1,"o":{"a":1,"k":[{"o":{"x":0,"y":0},"i":{"x":0.58,"y":1},"s":[100],"t":0},{"o":{"x":0,"y":0},"i":{"x":0.58,"y":1},"s":[100],"t":30},{"o":{"x":0,"y":0},"i":{"x":0.58,"y":1},"s":[100],"t":60},{"o":{"x":0,"y":0},"i":{"x":0.58,"y":1},"s":[100],"t":90},{"s":[100],"t":120}]}},{"ty":"st","bm":0,"hd":false,"nm":"","lc":2,"lj":2,"ml":10,"o":{"a":1,"k":[{"o":{"x":0,"y":0},"i":{"x":0.58,"y":1},"s":[100],"t":0},{"o":{"x":0,"y":0},"i":{"x":0.58,"y":1},"s":[100],"t":30},{"o":{"x":0,"y":0},"i":{"x":0.58,"y":1},"s":[100],"t":60},{"o":{"x":0,"y":0},"i":{"x":0.58,"y":1},"s":[100],"t":90},{"s":[100],"t":120}]},"w":{"a":1,"k":[{"o":{"x":0,"y":0},"i":{"x":0.58,"y":1},"s":[1],"t":0},{"o":{"x":0,"y":0},"i":{"x":0.58,"y":1},"s":[1],"t":30},{"o":{"x":0,"y":0},"i":{"x":0.58,"y":1},"s":[1],"t":60},{"o":{"x":0,"y":0},"i":{"x":0.58,"y":1},"s":[1],"t":90},{"s":[1],"t":120}]},"c":{"a":1,"k":[{"o":{"x":0,"y":0},"i":{"x":0.58,"y":1},"s":[0.1451,0,0.7686],"t":0},{"o":{"x":0,"y":0},"i":{"x":0.58,"y":1},"s":[0.1451,0,0.7686],"t":30},{"o":{"x":0,"y":0},"i":{"x":0.58,"y":1},"s":[0.1451,0,0.7686],"t":60},{"o":{"x":0,"y":0},"i":{"x":0.58,"y":1},"s":[0.1451,0,0.7686],"t":90},{"s":[0.1451,0,0.7686],"t":120}]}}],"ind":1},{"ty":4,"nm":"","sr":1,"st":0,"op":121,"ip":0,"hd":false,"ddd":0,"bm":0,"hasMask":false,"ao":0,"ks":{"a":{"a":1,"k":[{"o":{"x":0,"y":0},"i":{"x":0.58,"y":1},"s":[30.81,55.7],"t":0},{"o":{"x":0,"y":0},"i":{"x":0.58,"y":1},"s":[30.81,55.7],"t":30},{"o":{"x":0,"y":0},"i":{"x":0.58,"y":1},"s":[30.81,55.7],"t":60},{"o":{"x":0,"y":0},"i":{"x":0.58,"y":1},"s":[30.81,55.7],"t":90},{"s":[30.81,55.7],"t":120}]},"s":{"a":1,"k":[{"o":{"x":0,"y":0},"i":{"x":0.58,"y":1},"s":[100,100],"t":0},{"o":{"x":0,"y":0},"i":{"x":0.58,"y":1},"s":[100,100],"t":30},{"o":{"x":0,"y":0},"i":{"x":0.58,"y":1},"s":[100,100],"t":60},{"o":{"x":0,"y":0},"i":{"x":0.58,"y":1},"s":[100,100],"t":90},{"s":[100,100],"t":120}]},"sk":{"a":0,"k":0},"p":{"a":1,"k":[{"o":{"x":0,"y":0},"i":{"x":0.58,"y":1},"s":[353.02,268.1],"t":0},{"o":{"x":0,"y":0},"i":{"x":0.58,"y":1},"s":[321.44,286.67],"t":30},{"o":{"x":0,"y":0},"i":{"x":0.58,"y":1},"s":[291.44,304.67],"t":60},{"o":{"x":0,"y":0},"i":{"x":0.58,"y":1},"s":[261.86,287.23],"t":90},{"s":[230.86,269.23],"t":120}]},"r":{"a":1,"k":[{"o":{"x":0,"y":0},"i":{"x":0.58,"y":1},"s":[0],"t":0},{"o":{"x":0,"y":0},"i":{"x":0.58,"y":1},"s":[0],"t":30},{"o":{"x":0,"y":0},"i":{"x":0.58,"y":1},"s":[0],"t":60},{"o":{"x":0,"y":0},"i":{"x":0.58,"y":1},"s":[0],"t":90},{"s":[0],"t":120}]},"sa":{"a":0,"k":0},"o":{"a":1,"k":[{"o":{"x":0,"y":0},"i":{"x":0.58,"y":1},"s":[100],"t":0},{"o":{"x":0,"y":0},"i":{"x":0.58,"y":1},"s":[100],"t":30},{"o":{"x":0,"y":0},"i":{"x":0.58,"y":1},"s":[100],"t":60},{"o":{"x":0,"y":0},"i":{"x":0.58,"y":1},"s":[100],"t":90},{"s":[100],"t":120}]}},"ef":[],"shapes":[{"ty":"sh","bm":0,"hd":false,"nm":"","d":1,"ks":{"a":1,"k":[{"o":{"x":0,"y":0},"i":{"x":0.58,"y":1},"s":[{"c":true,"i":[[0,0],[0,0],[0,0],[0,0],[0,0]],"o":[[0,0],[0,0],[0,0],[0,0],[0,0]],"v":[[0,36.93],[0,111.39],[61.63,74.42],[61.63,0],[0,36.93]]}],"t":0},{"o":{"x":0,"y":0},"i":{"x":0.58,"y":1},"s":[{"c":true,"i":[[0,0],[0,0],[0,0],[0,0],[0,0]],"o":[[0,0],[0,0],[0,0],[0,0],[0,0]],"v":[[0,36.93],[0,111.39],[61.63,74.42],[61.63,0],[0,36.93]]}],"t":30},{"o":{"x":0,"y":0},"i":{"x":0.58,"y":1},"s":[{"c":true,"i":[[0,0],[0,0],[0,0],[0,0],[0,0]],"o":[[0,0],[0,0],[0,0],[0,0],[0,0]],"v":[[0,36.93],[0,111.39],[61.63,74.42],[61.63,0],[0,36.93]]}],"t":60},{"o":{"x":0,"y":0},"i":{"x":0.58,"y":1},"s":[{"c":true,"i":[[0,0],[0,0],[0,0],[0,0],[0,0]],"o":[[0,0],[0,0],[0,0],[0,0],[0,0]],"v":[[0,36.93],[0,111.39],[61.63,74.42],[61.63,0],[0,36.93]]}],"t":90},{"s":[{"c":true,"i":[[0,0],[0,0],[0,0],[0,0],[0,0]],"o":[[0,0],[0,0],[0,0],[0,0],[0,0]],"v":[[0,36.93],[0,111.39],[61.63,74.42],[61.63,0],[0,36.93]]}],"t":120}]}},{"ty":"fl","bm":0,"hd":false,"nm":"","c":{"a":1,"k":[{"o":{"x":0,"y":0},"i":{"x":0.58,"y":1},"s":[0.9804,0.9804,0.9804],"t":0},{"o":{"x":0,"y":0},"i":{"x":0.58,"y":1},"s":[0.9804,0.9804,0.9804],"t":30},{"o":{"x":0,"y":0},"i":{"x":0.58,"y":1},"s":[0.9804,0.9804,0.9804],"t":60},{"o":{"x":0,"y":0},"i":{"x":0.58,"y":1},"s":[0.9804,0.9804,0.9804],"t":90},{"s":[0.9804,0.9804,0.9804],"t":120}]},"r":1,"o":{"a":1,"k":[{"o":{"x":0,"y":0},"i":{"x":0.58,"y":1},"s":[100],"t":0},{"o":{"x":0,"y":0},"i":{"x":0.58,"y":1},"s":[100],"t":30},{"o":{"x":0,"y":0},"i":{"x":0.58,"y":1},"s":[100],"t":60},{"o":{"x":0,"y":0},"i":{"x":0.58,"y":1},"s":[100],"t":90},{"s":[100],"t":120}]}},{"ty":"st","bm":0,"hd":false,"nm":"","lc":2,"lj":2,"ml":10,"o":{"a":1,"k":[{"o":{"x":0,"y":0},"i":{"x":0.58,"y":1},"s":[100],"t":0},{"o":{"x":0,"y":0},"i":{"x":0.58,"y":1},"s":[100],"t":30},{"o":{"x":0,"y":0},"i":{"x":0.58,"y":1},"s":[100],"t":60},{"o":{"x":0,"y":0},"i":{"x":0.58,"y":1},"s":[100],"t":90},{"s":[100],"t":120}]},"w":{"a":1,"k":[{"o":{"x":0,"y":0},"i":{"x":0.58,"y":1},"s":[1],"t":0},{"o":{"x":0,"y":0},"i":{"x":0.58,"y":1},"s":[1],"t":30},{"o":{"x":0,"y":0},"i":{"x":0.58,"y":1},"s":[1],"t":60},{"o":{"x":0,"y":0},"i":{"x":0.58,"y":1},"s":[1],"t":90},{"s":[1],"t":120}]},"c":{"a":1,"k":[{"o":{"x":0,"y":0},"i":{"x":0.58,"y":1},"s":[0.1451,0,0.7686],"t":0},{"o":{"x":0,"y":0},"i":{"x":0.58,"y":1},"s":[0.1451,0,0.7686],"t":30},{"o":{"x":0,"y":0},"i":{"x":0.58,"y":1},"s":[0.1451,0,0.7686],"t":60},{"o":{"x":0,"y":0},"i":{"x":0.58,"y":1},"s":[0.1451,0,0.7686],"t":90},{"s":[0.1451,0,0.7686],"t":120}]}}],"ind":2},{"ty":4,"nm":"","sr":1,"st":0,"op":121,"ip":0,"hd":false,"ddd":0,"bm":0,"hasMask":false,"ao":0,"ks":{"a":{"a":1,"k":[{"o":{"x":0,"y":0},"i":{"x":0.58,"y":1},"s":[61.63,36.95],"t":0},{"o":{"x":0,"y":0},"i":{"x":0.58,"y":1},"s":[61.63,36.95],"t":30},{"o":{"x":0,"y":0},"i":{"x":0.58,"y":1},"s":[61.63,36.95],"t":60},{"o":{"x":0,"y":0},"i":{"x":0.58,"y":1},"s":[61.63,36.95],"t":90},{"s":[61.63,36.95],"t":120}]},"s":{"a":1,"k":[{"o":{"x":0,"y":0},"i":{"x":0.58,"y":1},"s":[100,100],"t":0},{"o":{"x":0,"y":0},"i":{"x":0.58,"y":1},"s":[100,100],"t":30},{"o":{"x":0,"y":0},"i":{"x":0.58,"y":1},"s":[100,100],"t":60},{"o":{"x":0,"y":0},"i":{"x":0.58,"y":1},"s":[100,100],"t":90},{"s":[100,100],"t":120}]},"sk":{"a":0,"k":0},"p":{"a":1,"k":[{"o":{"x":0,"y":0},"i":{"x":0.58,"y":1},"s":[322.21,212.39],"t":0},{"o":{"x":0,"y":0},"i":{"x":0.58,"y":1},"s":[290.63,230.95],"t":30},{"o":{"x":0,"y":0},"i":{"x":0.58,"y":1},"s":[260.63,248.95],"t":60},{"o":{"x":0,"y":0},"i":{"x":0.58,"y":1},"s":[231.05,231.52],"t":90},{"s":[200.05,213.52],"t":120}]},"r":{"a":1,"k":[{"o":{"x":0,"y":0},"i":{"x":0.58,"y":1},"s":[0],"t":0},{"o":{"x":0,"y":0},"i":{"x":0.58,"y":1},"s":[0],"t":30},{"o":{"x":0,"y":0},"i":{"x":0.58,"y":1},"s":[0],"t":60},{"o":{"x":0,"y":0},"i":{"x":0.58,"y":1},"s":[0],"t":90},{"s":[0],"t":120}]},"sa":{"a":0,"k":0},"o":{"a":1,"k":[{"o":{"x":0,"y":0},"i":{"x":0.58,"y":1},"s":[100],"t":0},{"o":{"x":0,"y":0},"i":{"x":0.58,"y":1},"s":[100],"t":30},{"o":{"x":0,"y":0},"i":{"x":0.58,"y":1},"s":[100],"t":60},{"o":{"x":0,"y":0},"i":{"x":0.58,"y":1},"s":[100],"t":90},{"s":[100],"t":120}]}},"ef":[],"shapes":[{"ty":"sh","bm":0,"hd":false,"nm":"","d":1,"ks":{"a":1,"k":[{"o":{"x":0,"y":0},"i":{"x":0.58,"y":1},"s":[{"c":true,"i":[[0,0],[0,0],[0,0],[0,0],[0,0]],"o":[[0,0],[0,0],[0,0],[0,0],[0,0]],"v":[[61.63,0],[0,36.93],[61.63,73.9],[123.25,36.97],[61.63,0]]}],"t":0},{"o":{"x":0,"y":0},"i":{"x":0.58,"y":1},"s":[{"c":true,"i":[[0,0],[0,0],[0,0],[0,0],[0,0]],"o":[[0,0],[0,0],[0,0],[0,0],[0,0]],"v":[[61.63,0],[0,36.93],[61.63,73.9],[123.25,36.97],[61.63,0]]}],"t":30},{"o":{"x":0,"y":0},"i":{"x":0.58,"y":1},"s":[{"c":true,"i":[[0,0],[0,0],[0,0],[0,0],[0,0]],"o":[[0,0],[0,0],[0,0],[0,0],[0,0]],"v":[[61.63,0],[0,36.93],[61.63,73.9],[123.25,36.97],[61.63,0]]}],"t":60},{"o":{"x":0,"y":0},"i":{"x":0.58,"y":1},"s":[{"c":true,"i":[[0,0],[0,0],[0,0],[0,0],[0,0]],"o":[[0,0],[0,0],[0,0],[0,0],[0,0]],"v":[[61.63,0],[0,36.93],[61.63,73.9],[123.25,36.97],[61.63,0]]}],"t":90},{"s":[{"c":true,"i":[[0,0],[0,0],[0,0],[0,0],[0,0]],"o":[[0,0],[0,0],[0,0],[0,0],[0,0]],"v":[[61.63,0],[0,36.93],[61.63,73.9],[123.25,36.97],[61.63,0]]}],"t":120}]}},{"ty":"fl","bm":0,"hd":false,"nm":"","c":{"a":1,"k":[{"o":{"x":0,"y":0},"i":{"x":0.58,"y":1},"s":[0.9961,0.9529,0.9529],"t":0},{"o":{"x":0,"y":0},"i":{"x":0.58,"y":1},"s":[0.9961,0.9529,0.9529],"t":30},{"o":{"x":0,"y":0},"i":{"x":0.58,"y":1},"s":[0.9961,0.9529,0.9529],"t":60},{"o":{"x":0,"y":0},"i":{"x":0.58,"y":1},"s":[0.9961,0.9529,0.9529],"t":90},{"s":[0.9961,0.9529,0.9529],"t":120}]},"r":1,"o":{"a":1,"k":[{"o":{"x":0,"y":0},"i":{"x":0.58,"y":1},"s":[100],"t":0},{"o":{"x":0,"y":0},"i":{"x":0.58,"y":1},"s":[100],"t":30},{"o":{"x":0,"y":0},"i":{"x":0.58,"y":1},"s":[100],"t":60},{"o":{"x":0,"y":0},"i":{"x":0.58,"y":1},"s":[100],"t":90},{"s":[100],"t":120}]}},{"ty":"st","bm":0,"hd":false,"nm":"","lc":2,"lj":2,"ml":10,"o":{"a":1,"k":[{"o":{"x":0,"y":0},"i":{"x":0.58,"y":1},"s":[100],"t":0},{"o":{"x":0,"y":0},"i":{"x":0.58,"y":1},"s":[100],"t":30},{"o":{"x":0,"y":0},"i":{"x":0.58,"y":1},"s":[100],"t":60},{"o":{"x":0,"y":0},"i":{"x":0.58,"y":1},"s":[100],"t":90},{"s":[100],"t":120}]},"w":{"a":1,"k":[{"o":{"x":0,"y":0},"i":{"x":0.58,"y":1},"s":[1],"t":0},{"o":{"x":0,"y":0},"i":{"x":0.58,"y":1},"s":[1],"t":30},{"o":{"x":0,"y":0},"i":{"x":0.58,"y":1},"s":[1],"t":60},{"o":{"x":0,"y":0},"i":{"x":0.58,"y":1},"s":[1],"t":90},{"s":[1],"t":120}]},"c":{"a":1,"k":[{"o":{"x":0,"y":0},"i":{"x":0.58,"y":1},"s":[0.1451,0,0.7686],"t":0},{"o":{"x":0,"y":0},"i":{"x":0.58,"y":1},"s":[0.1451,0,0.7686],"t":30},{"o":{"x":0,"y":0},"i":{"x":0.58,"y":1},"s":[0.1451,0,0.7686],"t":60},{"o":{"x":0,"y":0},"i":{"x":0.58,"y":1},"s":[0.1451,0,0.7686],"t":90},{"s":[0.1451,0,0.7686],"t":120}]}}],"ind":3},{"ty":4,"nm":"","sr":1,"st":0,"op":121,"ip":0,"hd":false,"ddd":0,"bm":0,"hasMask":false,"ao":0,"ks":{"a":{"a":1,"k":[{"o":{"x":0,"y":0},"i":{"x":0.58,"y":1},"s":[30.81,55.72],"t":0},{"o":{"x":0,"y":0},"i":{"x":0.58,"y":1},"s":[30.81,55.72],"t":30},{"o":{"x":0,"y":0},"i":{"x":0.58,"y":1},"s":[30.81,55.72],"t":60},{"o":{"x":0,"y":0},"i":{"x":0.58,"y":1},"s":[30.81,55.72],"t":90},{"s":[30.81,55.72],"t":120}]},"s":{"a":1,"k":[{"o":{"x":0,"y":0},"i":{"x":0.58,"y":1},"s":[100,100],"t":0},{"o":{"x":0,"y":0},"i":{"x":0.58,"y":1},"s":[100,100],"t":30},{"o":{"x":0,"y":0},"i":{"x":0.58,"y":1},"s":[100,100],"t":60},{"o":{"x":0,"y":0},"i":{"x":0.58,"y":1},"s":[100,100],"t":90},{"s":[100,100],"t":120}]},"sk":{"a":0,"k":0},"p":{"a":1,"k":[{"o":{"x":0,"y":0},"i":{"x":0.58,"y":1},"s":[168.4,268.08],"t":0},{"o":{"x":0,"y":0},"i":{"x":0.58,"y":1},"s":[168.4,268.08],"t":30},{"o":{"x":0,"y":0},"i":{"x":0.58,"y":1},"s":[168.4,268.08],"t":60},{"o":{"x":0,"y":0},"i":{"x":0.58,"y":1},"s":[138.81,250.65],"t":90},{"s":[107.81,232.65],"t":120}]},"r":{"a":1,"k":[{"o":{"x":0,"y":0},"i":{"x":0.58,"y":1},"s":[0],"t":0},{"o":{"x":0,"y":0},"i":{"x":0.58,"y":1},"s":[0],"t":30},{"o":{"x":0,"y":0},"i":{"x":0.58,"y":1},"s":[0],"t":60},{"o":{"x":0,"y":0},"i":{"x":0.58,"y":1},"s":[0],"t":90},{"s":[0],"t":120}]},"sa":{"a":0,"k":0},"o":{"a":1,"k":[{"o":{"x":0,"y":0},"i":{"x":0.58,"y":1},"s":[100],"t":0},{"o":{"x":0,"y":0},"i":{"x":0.58,"y":1},"s":[100],"t":30},{"o":{"x":0,"y":0},"i":{"x":0.58,"y":1},"s":[100],"t":60},{"o":{"x":0,"y":0},"i":{"x":0.58,"y":1},"s":[100],"t":90},{"s":[100],"t":120}]}},"ef":[],"shapes":[{"ty":"sh","bm":0,"hd":false,"nm":"","d":1,"ks":{"a":1,"k":[{"o":{"x":0,"y":0},"i":{"x":0.58,"y":1},"s":[{"c":true,"i":[[0,0],[0,0],[0,0],[0,0],[0,0]],"o":[[0,0],[0,0],[0,0],[0,0],[0,0]],"v":[[61.63,36.97],[61.63,111.43],[0,74.45],[0,0],[61.63,36.97]]}],"t":0},{"o":{"x":0,"y":0},"i":{"x":0.58,"y":1},"s":[{"c":true,"i":[[0,0],[0,0],[0,0],[0,0],[0,0]],"o":[[0,0],[0,0],[0,0],[0,0],[0,0]],"v":[[61.63,36.97],[61.63,111.43],[0,74.45],[0,0],[61.63,36.97]]}],"t":30},{"o":{"x":0,"y":0},"i":{"x":0.58,"y":1},"s":[{"c":true,"i":[[0,0],[0,0],[0,0],[0,0],[0,0]],"o":[[0,0],[0,0],[0,0],[0,0],[0,0]],"v":[[61.63,36.97],[61.63,111.43],[0,74.45],[0,0],[61.63,36.97]]}],"t":60},{"o":{"x":0,"y":0},"i":{"x":0.58,"y":1},"s":[{"c":true,"i":[[0,0],[0,0],[0,0],[0,0],[0,0]],"o":[[0,0],[0,0],[0,0],[0,0],[0,0]],"v":[[61.63,36.97],[61.63,111.43],[0,74.45],[0,0],[61.63,36.97]]}],"t":90},{"s":[{"c":true,"i":[[0,0],[0,0],[0,0],[0,0],[0,0]],"o":[[0,0],[0,0],[0,0],[0,0],[0,0]],"v":[[61.63,36.97],[61.63,111.43],[0,74.45],[0,0],[61.63,36.97]]}],"t":120}]}},{"ty":"fl","bm":0,"hd":false,"nm":"","c":{"a":1,"k":[{"o":{"x":0,"y":0},"i":{"x":0.58,"y":1},"s":[0.902,0.902,0.902],"t":0},{"o":{"x":0,"y":0},"i":{"x":0.58,"y":1},"s":[0.902,0.902,0.902],"t":30},{"o":{"x":0,"y":0},"i":{"x":0.58,"y":1},"s":[0.902,0.902,0.902],"t":60},{"o":{"x":0,"y":0},"i":{"x":0.58,"y":1},"s":[0.902,0.902,0.902],"t":90},{"s":[0.902,0.902,0.902],"t":120}]},"r":1,"o":{"a":1,"k":[{"o":{"x":0,"y":0},"i":{"x":0.58,"y":1},"s":[100],"t":0},{"o":{"x":0,"y":0},"i":{"x":0.58,"y":1},"s":[100],"t":30},{"o":{"x":0,"y":0},"i":{"x":0.58,"y":1},"s":[100],"t":60},{"o":{"x":0,"y":0},"i":{"x":0.58,"y":1},"s":[100],"t":90},{"s":[100],"t":120}]}},{"ty":"st","bm":0,"hd":false,"nm":"","lc":2,"lj":2,"ml":10,"o":{"a":1,"k":[{"o":{"x":0,"y":0},"i":{"x":0.58,"y":1},"s":[100],"t":0},{"o":{"x":0,"y":0},"i":{"x":0.58,"y":1},"s":[100],"t":30},{"o":{"x":0,"y":0},"i":{"x":0.58,"y":1},"s":[100],"t":60},{"o":{"x":0,"y":0},"i":{"x":0.58,"y":1},"s":[100],"t":90},{"s":[100],"t":120}]},"w":{"a":1,"k":[{"o":{"x":0,"y":0},"i":{"x":0.58,"y":1},"s":[1],"t":0},{"o":{"x":0,"y":0},"i":{"x":0.58,"y":1},"s":[1],"t":30},{"o":{"x":0,"y":0},"i":{"x":0.58,"y":1},"s":[1],"t":60},{"o":{"x":0,"y":0},"i":{"x":0.58,"y":1},"s":[1],"t":90},{"s":[1],"t":120}]},"c":{"a":1,"k":[{"o":{"x":0,"y":0},"i":{"x":0.58,"y":1},"s":[0.1451,0,0.7686],"t":0},{"o":{"x":0,"y":0},"i":{"x":0.58,"y":1},"s":[0.1451,0,0.7686],"t":30},{"o":{"x":0,"y":0},"i":{"x":0.58,"y":1},"s":[0.1451,0,0.7686],"t":60},{"o":{"x":0,"y":0},"i":{"x":0.58,"y":1},"s":[0.1451,0,0.7686],"t":90},{"s":[0.1451,0,0.7686],"t":120}]}}],"ind":4},{"ty":4,"nm":"","sr":1,"st":0,"op":121,"ip":0,"hd":false,"ddd":0,"bm":0,"hasMask":false,"ao":0,"ks":{"a":{"a":1,"k":[{"o":{"x":0,"y":0},"i":{"x":0.58,"y":1},"s":[30.81,55.7],"t":0},{"o":{"x":0,"y":0},"i":{"x":0.58,"y":1},"s":[30.81,55.7],"t":30},{"o":{"x":0,"y":0},"i":{"x":0.58,"y":1},"s":[30.81,55.7],"t":60},{"o":{"x":0,"y":0},"i":{"x":0.58,"y":1},"s":[30.81,55.7],"t":90},{"s":[30.81,55.7],"t":120}]},"s":{"a":1,"k":[{"o":{"x":0,"y":0},"i":{"x":0.58,"y":1},"s":[100,100],"t":0},{"o":{"x":0,"y":0},"i":{"x":0.58,"y":1},"s":[100,100],"t":30},{"o":{"x":0,"y":0},"i":{"x":0.58,"y":1},"s":[100,100],"t":60},{"o":{"x":0,"y":0},"i":{"x":0.58,"y":1},"s":[100,100],"t":90},{"s":[100,100],"t":120}]},"sk":{"a":0,"k":0},"p":{"a":1,"k":[{"o":{"x":0,"y":0},"i":{"x":0.58,"y":1},"s":[230.02,268.1],"t":0},{"o":{"x":0,"y":0},"i":{"x":0.58,"y":1},"s":[230.02,268.1],"t":30},{"o":{"x":0,"y":0},"i":{"x":0.58,"y":1},"s":[230.02,268.1],"t":60},{"o":{"x":0,"y":0},"i":{"x":0.58,"y":1},"s":[200.44,250.67],"t":90},{"s":[169.44,232.67],"t":120}]},"r":{"a":1,"k":[{"o":{"x":0,"y":0},"i":{"x":0.58,"y":1},"s":[0],"t":0},{"o":{"x":0,"y":0},"i":{"x":0.58,"y":1},"s":[0],"t":30},{"o":{"x":0,"y":0},"i":{"x":0.58,"y":1},"s":[0],"t":60},{"o":{"x":0,"y":0},"i":{"x":0.58,"y":1},"s":[0],"t":90},{"s":[0],"t":120}]},"sa":{"a":0,"k":0},"o":{"a":1,"k":[{"o":{"x":0,"y":0},"i":{"x":0.58,"y":1},"s":[100],"t":0},{"o":{"x":0,"y":0},"i":{"x":0.58,"y":1},"s":[100],"t":30},{"o":{"x":0,"y":0},"i":{"x":0.58,"y":1},"s":[100],"t":60},{"o":{"x":0,"y":0},"i":{"x":0.58,"y":1},"s":[100],"t":90},{"s":[100],"t":120}]}},"ef":[],"shapes":[{"ty":"sh","bm":0,"hd":false,"nm":"","d":1,"ks":{"a":1,"k":[{"o":{"x":0,"y":0},"i":{"x":0.58,"y":1},"s":[{"c":true,"i":[[0,0],[0,0],[0,0],[0,0],[0,0]],"o":[[0,0],[0,0],[0,0],[0,0],[0,0]],"v":[[0,36.93],[0,111.39],[61.63,74.42],[61.63,0],[0,36.93]]}],"t":0},{"o":{"x":0,"y":0},"i":{"x":0.58,"y":1},"s":[{"c":true,"i":[[0,0],[0,0],[0,0],[0,0],[0,0]],"o":[[0,0],[0,0],[0,0],[0,0],[0,0]],"v":[[0,36.93],[0,111.39],[61.63,74.42],[61.63,0],[0,36.93]]}],"t":30},{"o":{"x":0,"y":0},"i":{"x":0.58,"y":1},"s":[{"c":true,"i":[[0,0],[0,0],[0,0],[0,0],[0,0]],"o":[[0,0],[0,0],[0,0],[0,0],[0,0]],"v":[[0,36.93],[0,111.39],[61.63,74.42],[61.63,0],[0,36.93]]}],"t":60},{"o":{"x":0,"y":0},"i":{"x":0.58,"y":1},"s":[{"c":true,"i":[[0,0],[0,0],[0,0],[0,0],[0,0]],"o":[[0,0],[0,0],[0,0],[0,0],[0,0]],"v":[[0,36.93],[0,111.39],[61.63,74.42],[61.63,0],[0,36.93]]}],"t":90},{"s":[{"c":true,"i":[[0,0],[0,0],[0,0],[0,0],[0,0]],"o":[[0,0],[0,0],[0,0],[0,0],[0,0]],"v":[[0,36.93],[0,111.39],[61.63,74.42],[61.63,0],[0,36.93]]}],"t":120}]}},{"ty":"fl","bm":0,"hd":false,"nm":"","c":{"a":1,"k":[{"o":{"x":0,"y":0},"i":{"x":0.58,"y":1},"s":[0.9804,0.9804,0.9804],"t":0},{"o":{"x":0,"y":0},"i":{"x":0.58,"y":1},"s":[0.9804,0.9804,0.9804],"t":30},{"o":{"x":0,"y":0},"i":{"x":0.58,"y":1},"s":[0.9804,0.9804,0.9804],"t":60},{"o":{"x":0,"y":0},"i":{"x":0.58,"y":1},"s":[0.9804,0.9804,0.9804],"t":90},{"s":[0.9804,0.9804,0.9804],"t":120}]},"r":1,"o":{"a":1,"k":[{"o":{"x":0,"y":0},"i":{"x":0.58,"y":1},"s":[100],"t":0},{"o":{"x":0,"y":0},"i":{"x":0.58,"y":1},"s":[100],"t":30},{"o":{"x":0,"y":0},"i":{"x":0.58,"y":1},"s":[100],"t":60},{"o":{"x":0,"y":0},"i":{"x":0.58,"y":1},"s":[100],"t":90},{"s":[100],"t":120}]}},{"ty":"st","bm":0,"hd":false,"nm":"","lc":2,"lj":2,"ml":10,"o":{"a":1,"k":[{"o":{"x":0,"y":0},"i":{"x":0.58,"y":1},"s":[100],"t":0},{"o":{"x":0,"y":0},"i":{"x":0.58,"y":1},"s":[100],"t":30},{"o":{"x":0,"y":0},"i":{"x":0.58,"y":1},"s":[100],"t":60},{"o":{"x":0,"y":0},"i":{"x":0.58,"y":1},"s":[100],"t":90},{"s":[100],"t":120}]},"w":{"a":1,"k":[{"o":{"x":0,"y":0},"i":{"x":0.58,"y":1},"s":[1],"t":0},{"o":{"x":0,"y":0},"i":{"x":0.58,"y":1},"s":[1],"t":30},{"o":{"x":0,"y":0},"i":{"x":0.58,"y":1},"s":[1],"t":60},{"o":{"x":0,"y":0},"i":{"x":0.58,"y":1},"s":[1],"t":90},{"s":[1],"t":120}]},"c":{"a":1,"k":[{"o":{"x":0,"y":0},"i":{"x":0.58,"y":1},"s":[0.1451,0,0.7686],"t":0},{"o":{"x":0,"y":0},"i":{"x":0.58,"y":1},"s":[0.1451,0,0.7686],"t":30},{"o":{"x":0,"y":0},"i":{"x":0.58,"y":1},"s":[0.1451,0,0.7686],"t":60},{"o":{"x":0,"y":0},"i":{"x":0.58,"y":1},"s":[0.1451,0,0.7686],"t":90},{"s":[0.1451,0,0.7686],"t":120}]}}],"ind":5},{"ty":4,"nm":"","sr":1,"st":0,"op":121,"ip":0,"hd":false,"ddd":0,"bm":0,"hasMask":false,"ao":0,"ks":{"a":{"a":1,"k":[{"o":{"x":0,"y":0},"i":{"x":0.58,"y":1},"s":[61.63,36.95],"t":0},{"o":{"x":0,"y":0},"i":{"x":0.58,"y":1},"s":[61.63,36.95],"t":30},{"o":{"x":0,"y":0},"i":{"x":0.58,"y":1},"s":[61.63,36.95],"t":60},{"o":{"x":0,"y":0},"i":{"x":0.58,"y":1},"s":[61.63,36.95],"t":90},{"s":[61.63,36.95],"t":120}]},"s":{"a":1,"k":[{"o":{"x":0,"y":0},"i":{"x":0.58,"y":1},"s":[100,100],"t":0},{"o":{"x":0,"y":0},"i":{"x":0.58,"y":1},"s":[100,100],"t":30},{"o":{"x":0,"y":0},"i":{"x":0.58,"y":1},"s":[100,100],"t":60},{"o":{"x":0,"y":0},"i":{"x":0.58,"y":1},"s":[100,100],"t":90},{"s":[100,100],"t":120}]},"sk":{"a":0,"k":0},"p":{"a":1,"k":[{"o":{"x":0,"y":0},"i":{"x":0.58,"y":1},"s":[199.21,212.39],"t":0},{"o":{"x":0,"y":0},"i":{"x":0.58,"y":1},"s":[199.21,212.39],"t":30},{"o":{"x":0,"y":0},"i":{"x":0.58,"y":1},"s":[199.21,212.39],"t":60},{"o":{"x":0,"y":0},"i":{"x":0.58,"y":1},"s":[169.63,194.95],"t":90},{"s":[138.63,176.95],"t":120}]},"r":{"a":1,"k":[{"o":{"x":0,"y":0},"i":{"x":0.58,"y":1},"s":[0],"t":0},{"o":{"x":0,"y":0},"i":{"x":0.58,"y":1},"s":[0],"t":30},{"o":{"x":0,"y":0},"i":{"x":0.58,"y":1},"s":[0],"t":60},{"o":{"x":0,"y":0},"i":{"x":0.58,"y":1},"s":[0],"t":90},{"s":[0],"t":120}]},"sa":{"a":0,"k":0},"o":{"a":1,"k":[{"o":{"x":0,"y":0},"i":{"x":0.58,"y":1},"s":[100],"t":0},{"o":{"x":0,"y":0},"i":{"x":0.58,"y":1},"s":[100],"t":30},{"o":{"x":0,"y":0},"i":{"x":0.58,"y":1},"s":[100],"t":60},{"o":{"x":0,"y":0},"i":{"x":0.58,"y":1},"s":[100],"t":90},{"s":[100],"t":120}]}},"ef":[],"shapes":[{"ty":"sh","bm":0,"hd":false,"nm":"","d":1,"ks":{"a":1,"k":[{"o":{"x":0,"y":0},"i":{"x":0.58,"y":1},"s":[{"c":true,"i":[[0,0],[0,0],[0,0],[0,0],[0,0]],"o":[[0,0],[0,0],[0,0],[0,0],[0,0]],"v":[[61.63,0],[0,36.93],[61.63,73.9],[123.25,36.97],[61.63,0]]}],"t":0},{"o":{"x":0,"y":0},"i":{"x":0.58,"y":1},"s":[{"c":true,"i":[[0,0],[0,0],[0,0],[0,0],[0,0]],"o":[[0,0],[0,0],[0,0],[0,0],[0,0]],"v":[[61.63,0],[0,36.93],[61.63,73.9],[123.25,36.97],[61.63,0]]}],"t":30},{"o":{"x":0,"y":0},"i":{"x":0.58,"y":1},"s":[{"c":true,"i":[[0,0],[0,0],[0,0],[0,0],[0,0]],"o":[[0,0],[0,0],[0,0],[0,0],[0,0]],"v":[[61.63,0],[0,36.93],[61.63,73.9],[123.25,36.97],[61.63,0]]}],"t":60},{"o":{"x":0,"y":0},"i":{"x":0.58,"y":1},"s":[{"c":true,"i":[[0,0],[0,0],[0,0],[0,0],[0,0]],"o":[[0,0],[0,0],[0,0],[0,0],[0,0]],"v":[[61.63,0],[0,36.93],[61.63,73.9],[123.25,36.97],[61.63,0]]}],"t":90},{"s":[{"c":true,"i":[[0,0],[0,0],[0,0],[0,0],[0,0]],"o":[[0,0],[0,0],[0,0],[0,0],[0,0]],"v":[[61.63,0],[0,36.93],[61.63,73.9],[123.25,36.97],[61.63,0]]}],"t":120}]}},{"ty":"fl","bm":0,"hd":false,"nm":"","c":{"a":1,"k":[{"o":{"x":0,"y":0},"i":{"x":0.58,"y":1},"s":[0.9961,0.9529,0.9529],"t":0},{"o":{"x":0,"y":0},"i":{"x":0.58,"y":1},"s":[0.9961,0.9529,0.9529],"t":30},{"o":{"x":0,"y":0},"i":{"x":0.58,"y":1},"s":[0.9961,0.9529,0.9529],"t":60},{"o":{"x":0,"y":0},"i":{"x":0.58,"y":1},"s":[0.9961,0.9529,0.9529],"t":90},{"s":[0.9961,0.9529,0.9529],"t":120}]},"r":1,"o":{"a":1,"k":[{"o":{"x":0,"y":0},"i":{"x":0.58,"y":1},"s":[100],"t":0},{"o":{"x":0,"y":0},"i":{"x":0.58,"y":1},"s":[100],"t":30},{"o":{"x":0,"y":0},"i":{"x":0.58,"y":1},"s":[100],"t":60},{"o":{"x":0,"y":0},"i":{"x":0.58,"y":1},"s":[100],"t":90},{"s":[100],"t":120}]}},{"ty":"st","bm":0,"hd":false,"nm":"","lc":2,"lj":2,"ml":10,"o":{"a":1,"k":[{"o":{"x":0,"y":0},"i":{"x":0.58,"y":1},"s":[100],"t":0},{"o":{"x":0,"y":0},"i":{"x":0.58,"y":1},"s":[100],"t":30},{"o":{"x":0,"y":0},"i":{"x":0.58,"y":1},"s":[100],"t":60},{"o":{"x":0,"y":0},"i":{"x":0.58,"y":1},"s":[100],"t":90},{"s":[100],"t":120}]},"w":{"a":1,"k":[{"o":{"x":0,"y":0},"i":{"x":0.58,"y":1},"s":[1],"t":0},{"o":{"x":0,"y":0},"i":{"x":0.58,"y":1},"s":[1],"t":30},{"o":{"x":0,"y":0},"i":{"x":0.58,"y":1},"s":[1],"t":60},{"o":{"x":0,"y":0},"i":{"x":0.58,"y":1},"s":[1],"t":90},{"s":[1],"t":120}]},"c":{"a":1,"k":[{"o":{"x":0,"y":0},"i":{"x":0.58,"y":1},"s":[0.1451,0,0.7686],"t":0},{"o":{"x":0,"y":0},"i":{"x":0.58,"y":1},"s":[0.1451,0,0.7686],"t":30},{"o":{"x":0,"y":0},"i":{"x":0.58,"y":1},"s":[0.1451,0,0.7686],"t":60},{"o":{"x":0,"y":0},"i":{"x":0.58,"y":1},"s":[0.1451,0,0.7686],"t":90},{"s":[0.1451,0,0.7686],"t":120}]}}],"ind":6},{"ty":4,"nm":"","sr":1,"st":0,"op":121,"ip":0,"hd":false,"ddd":0,"bm":0,"hasMask":false,"ao":0,"ks":{"a":{"a":1,"k":[{"o":{"x":0,"y":0},"i":{"x":0.58,"y":1},"s":[30.81,55.72],"t":0},{"o":{"x":0,"y":0},"i":{"x":0.58,"y":1},"s":[30.81,55.72],"t":30},{"o":{"x":0,"y":0},"i":{"x":0.58,"y":1},"s":[30.81,55.72],"t":60},{"o":{"x":0,"y":0},"i":{"x":0.58,"y":1},"s":[30.81,55.72],"t":90},{"s":[30.81,55.72],"t":120}]},"s":{"a":1,"k":[{"o":{"x":0,"y":0},"i":{"x":0.58,"y":1},"s":[100,100],"t":0},{"o":{"x":0,"y":0},"i":{"x":0.58,"y":1},"s":[100,100],"t":30},{"o":{"x":0,"y":0},"i":{"x":0.58,"y":1},"s":[100,100],"t":60},{"o":{"x":0,"y":0},"i":{"x":0.58,"y":1},"s":[100,100],"t":90},{"s":[100,100],"t":120}]},"sk":{"a":0,"k":0},"p":{"a":1,"k":[{"o":{"x":0,"y":0},"i":{"x":0.58,"y":1},"s":[229.81,231.65],"t":0},{"o":{"x":0,"y":0},"i":{"x":0.58,"y":1},"s":[229.81,231.65],"t":30},{"o":{"x":0,"y":0},"i":{"x":0.58,"y":1},"s":[229.81,231.65],"t":60},{"o":{"x":0,"y":0},"i":{"x":0.58,"y":1},"s":[260.81,250.65],"t":90},{"s":[291.81,269.65],"t":120}]},"r":{"a":1,"k":[{"o":{"x":0,"y":0},"i":{"x":0.58,"y":1},"s":[0],"t":0},{"o":{"x":0,"y":0},"i":{"x":0.58,"y":1},"s":[0],"t":30},{"o":{"x":0,"y":0},"i":{"x":0.58,"y":1},"s":[0],"t":60},{"o":{"x":0,"y":0},"i":{"x":0.58,"y":1},"s":[0],"t":90},{"s":[0],"t":120}]},"sa":{"a":0,"k":0},"o":{"a":1,"k":[{"o":{"x":0,"y":0},"i":{"x":0.58,"y":1},"s":[100],"t":0},{"o":{"x":0,"y":0},"i":{"x":0.58,"y":1},"s":[100],"t":30},{"o":{"x":0,"y":0},"i":{"x":0.58,"y":1},"s":[100],"t":60},{"o":{"x":0,"y":0},"i":{"x":0.58,"y":1},"s":[100],"t":90},{"s":[100],"t":120}]}},"ef":[],"shapes":[{"ty":"sh","bm":0,"hd":false,"nm":"","d":1,"ks":{"a":1,"k":[{"o":{"x":0,"y":0},"i":{"x":0.58,"y":1},"s":[{"c":true,"i":[[0,0],[0,0],[0,0],[0,0],[0,0]],"o":[[0,0],[0,0],[0,0],[0,0],[0,0]],"v":[[61.63,36.97],[61.63,111.43],[0,74.45],[0,0],[61.63,36.97]]}],"t":0},{"o":{"x":0,"y":0},"i":{"x":0.58,"y":1},"s":[{"c":true,"i":[[0,0],[0,0],[0,0],[0,0],[0,0]],"o":[[0,0],[0,0],[0,0],[0,0],[0,0]],"v":[[61.63,36.97],[61.63,111.43],[0,74.45],[0,0],[61.63,36.97]]}],"t":30},{"o":{"x":0,"y":0},"i":{"x":0.58,"y":1},"s":[{"c":true,"i":[[0,0],[0,0],[0,0],[0,0],[0,0]],"o":[[0,0],[0,0],[0,0],[0,0],[0,0]],"v":[[61.63,36.97],[61.63,111.43],[0,74.45],[0,0],[61.63,36.97]]}],"t":60},{"o":{"x":0,"y":0},"i":{"x":0.58,"y":1},"s":[{"c":true,"i":[[0,0],[0,0],[0,0],[0,0],[0,0]],"o":[[0,0],[0,0],[0,0],[0,0],[0,0]],"v":[[61.63,36.97],[61.63,111.43],[0,74.45],[0,0],[61.63,36.97]]}],"t":90},{"s":[{"c":true,"i":[[0,0],[0,0],[0,0],[0,0],[0,0]],"o":[[0,0],[0,0],[0,0],[0,0],[0,0]],"v":[[61.63,36.97],[61.63,111.43],[0,74.45],[0,0],[61.63,36.97]]}],"t":120}]}},{"ty":"fl","bm":0,"hd":false,"nm":"","c":{"a":1,"k":[{"o":{"x":0,"y":0},"i":{"x":0.58,"y":1},"s":[0.902,0.902,0.902],"t":0},{"o":{"x":0,"y":0},"i":{"x":0.58,"y":1},"s":[0.902,0.902,0.902],"t":30},{"o":{"x":0,"y":0},"i":{"x":0.58,"y":1},"s":[0.902,0.902,0.902],"t":60},{"o":{"x":0,"y":0},"i":{"x":0.58,"y":1},"s":[0.902,0.902,0.902],"t":90},{"s":[0.902,0.902,0.902],"t":120}]},"r":1,"o":{"a":1,"k":[{"o":{"x":0,"y":0},"i":{"x":0.58,"y":1},"s":[100],"t":0},{"o":{"x":0,"y":0},"i":{"x":0.58,"y":1},"s":[100],"t":30},{"o":{"x":0,"y":0},"i":{"x":0.58,"y":1},"s":[100],"t":60},{"o":{"x":0,"y":0},"i":{"x":0.58,"y":1},"s":[100],"t":90},{"s":[100],"t":120}]}},{"ty":"st","bm":0,"hd":false,"nm":"","lc":2,"lj":2,"ml":10,"o":{"a":1,"k":[{"o":{"x":0,"y":0},"i":{"x":0.58,"y":1},"s":[100],"t":0},{"o":{"x":0,"y":0},"i":{"x":0.58,"y":1},"s":[100],"t":30},{"o":{"x":0,"y":0},"i":{"x":0.58,"y":1},"s":[100],"t":60},{"o":{"x":0,"y":0},"i":{"x":0.58,"y":1},"s":[100],"t":90},{"s":[100],"t":120}]},"w":{"a":1,"k":[{"o":{"x":0,"y":0},"i":{"x":0.58,"y":1},"s":[1],"t":0},{"o":{"x":0,"y":0},"i":{"x":0.58,"y":1},"s":[1],"t":30},{"o":{"x":0,"y":0},"i":{"x":0.58,"y":1},"s":[1],"t":60},{"o":{"x":0,"y":0},"i":{"x":0.58,"y":1},"s":[1],"t":90},{"s":[1],"t":120}]},"c":{"a":1,"k":[{"o":{"x":0,"y":0},"i":{"x":0.58,"y":1},"s":[0.1451,0,0.7686],"t":0},{"o":{"x":0,"y":0},"i":{"x":0.58,"y":1},"s":[0.1451,0,0.7686],"t":30},{"o":{"x":0,"y":0},"i":{"x":0.58,"y":1},"s":[0.1451,0,0.7686],"t":60},{"o":{"x":0,"y":0},"i":{"x":0.58,"y":1},"s":[0.1451,0,0.7686],"t":90},{"s":[0.1451,0,0.7686],"t":120}]}}],"ind":7},{"ty":4,"nm":"","sr":1,"st":0,"op":121,"ip":0,"hd":false,"ddd":0,"bm":0,"hasMask":false,"ao":0,"ks":{"a":{"a":1,"k":[{"o":{"x":0,"y":0},"i":{"x":0.58,"y":1},"s":[30.81,55.7],"t":0},{"o":{"x":0,"y":0},"i":{"x":0.58,"y":1},"s":[30.81,55.7],"t":30},{"o":{"x":0,"y":0},"i":{"x":0.58,"y":1},"s":[30.81,55.7],"t":60},{"o":{"x":0,"y":0},"i":{"x":0.58,"y":1},"s":[30.81,55.7],"t":90},{"s":[30.81,55.7],"t":120}]},"s":{"a":1,"k":[{"o":{"x":0,"y":0},"i":{"x":0.58,"y":1},"s":[100,100],"t":0},{"o":{"x":0,"y":0},"i":{"x":0.58,"y":1},"s":[100,100],"t":30},{"o":{"x":0,"y":0},"i":{"x":0.58,"y":1},"s":[100,100],"t":60},{"o":{"x":0,"y":0},"i":{"x":0.58,"y":1},"s":[100,100],"t":90},{"s":[100,100],"t":120}]},"sk":{"a":0,"k":0},"p":{"a":1,"k":[{"o":{"x":0,"y":0},"i":{"x":0.58,"y":1},"s":[291.44,231.67],"t":0},{"o":{"x":0,"y":0},"i":{"x":0.58,"y":1},"s":[291.44,231.67],"t":30},{"o":{"x":0,"y":0},"i":{"x":0.58,"y":1},"s":[291.44,231.67],"t":60},{"o":{"x":0,"y":0},"i":{"x":0.58,"y":1},"s":[322.44,250.67],"t":90},{"s":[353.44,269.67],"t":120}]},"r":{"a":1,"k":[{"o":{"x":0,"y":0},"i":{"x":0.58,"y":1},"s":[0],"t":0},{"o":{"x":0,"y":0},"i":{"x":0.58,"y":1},"s":[0],"t":30},{"o":{"x":0,"y":0},"i":{"x":0.58,"y":1},"s":[0],"t":60},{"o":{"x":0,"y":0},"i":{"x":0.58,"y":1},"s":[0],"t":90},{"s":[0],"t":120}]},"sa":{"a":0,"k":0},"o":{"a":1,"k":[{"o":{"x":0,"y":0},"i":{"x":0.58,"y":1},"s":[100],"t":0},{"o":{"x":0,"y":0},"i":{"x":0.58,"y":1},"s":[100],"t":30},{"o":{"x":0,"y":0},"i":{"x":0.58,"y":1},"s":[100],"t":60},{"o":{"x":0,"y":0},"i":{"x":0.58,"y":1},"s":[100],"t":90},{"s":[100],"t":120}]}},"ef":[],"shapes":[{"ty":"sh","bm":0,"hd":false,"nm":"","d":1,"ks":{"a":1,"k":[{"o":{"x":0,"y":0},"i":{"x":0.58,"y":1},"s":[{"c":true,"i":[[0,0],[0,0],[0,0],[0,0],[0,0]],"o":[[0,0],[0,0],[0,0],[0,0],[0,0]],"v":[[0,36.93],[0,111.39],[61.63,74.42],[61.63,0],[0,36.93]]}],"t":0},{"o":{"x":0,"y":0},"i":{"x":0.58,"y":1},"s":[{"c":true,"i":[[0,0],[0,0],[0,0],[0,0],[0,0]],"o":[[0,0],[0,0],[0,0],[0,0],[0,0]],"v":[[0,36.93],[0,111.39],[61.63,74.42],[61.63,0],[0,36.93]]}],"t":30},{"o":{"x":0,"y":0},"i":{"x":0.58,"y":1},"s":[{"c":true,"i":[[0,0],[0,0],[0,0],[0,0],[0,0]],"o":[[0,0],[0,0],[0,0],[0,0],[0,0]],"v":[[0,36.93],[0,111.39],[61.63,74.42],[61.63,0],[0,36.93]]}],"t":60},{"o":{"x":0,"y":0},"i":{"x":0.58,"y":1},"s":[{"c":true,"i":[[0,0],[0,0],[0,0],[0,0],[0,0]],"o":[[0,0],[0,0],[0,0],[0,0],[0,0]],"v":[[0,36.93],[0,111.39],[61.63,74.42],[61.63,0],[0,36.93]]}],"t":90},{"s":[{"c":true,"i":[[0,0],[0,0],[0,0],[0,0],[0,0]],"o":[[0,0],[0,0],[0,0],[0,0],[0,0]],"v":[[0,36.93],[0,111.39],[61.63,74.42],[61.63,0],[0,36.93]]}],"t":120}]}},{"ty":"fl","bm":0,"hd":false,"nm":"","c":{"a":1,"k":[{"o":{"x":0,"y":0},"i":{"x":0.58,"y":1},"s":[0.9804,0.9804,0.9804],"t":0},{"o":{"x":0,"y":0},"i":{"x":0.58,"y":1},"s":[0.9804,0.9804,0.9804],"t":30},{"o":{"x":0,"y":0},"i":{"x":0.58,"y":1},"s":[0.9804,0.9804,0.9804],"t":60},{"o":{"x":0,"y":0},"i":{"x":0.58,"y":1},"s":[0.9804,0.9804,0.9804],"t":90},{"s":[0.9804,0.9804,0.9804],"t":120}]},"r":1,"o":{"a":1,"k":[{"o":{"x":0,"y":0},"i":{"x":0.58,"y":1},"s":[100],"t":0},{"o":{"x":0,"y":0},"i":{"x":0.58,"y":1},"s":[100],"t":30},{"o":{"x":0,"y":0},"i":{"x":0.58,"y":1},"s":[100],"t":60},{"o":{"x":0,"y":0},"i":{"x":0.58,"y":1},"s":[100],"t":90},{"s":[100],"t":120}]}},{"ty":"st","bm":0,"hd":false,"nm":"","lc":2,"lj":2,"ml":10,"o":{"a":1,"k":[{"o":{"x":0,"y":0},"i":{"x":0.58,"y":1},"s":[100],"t":0},{"o":{"x":0,"y":0},"i":{"x":0.58,"y":1},"s":[100],"t":30},{"o":{"x":0,"y":0},"i":{"x":0.58,"y":1},"s":[100],"t":60},{"o":{"x":0,"y":0},"i":{"x":0.58,"y":1},"s":[100],"t":90},{"s":[100],"t":120}]},"w":{"a":1,"k":[{"o":{"x":0,"y":0},"i":{"x":0.58,"y":1},"s":[1],"t":0},{"o":{"x":0,"y":0},"i":{"x":0.58,"y":1},"s":[1],"t":30},{"o":{"x":0,"y":0},"i":{"x":0.58,"y":1},"s":[1],"t":60},{"o":{"x":0,"y":0},"i":{"x":0.58,"y":1},"s":[1],"t":90},{"s":[1],"t":120}]},"c":{"a":1,"k":[{"o":{"x":0,"y":0},"i":{"x":0.58,"y":1},"s":[0.1451,0,0.7686],"t":0},{"o":{"x":0,"y":0},"i":{"x":0.58,"y":1},"s":[0.1451,0,0.7686],"t":30},{"o":{"x":0,"y":0},"i":{"x":0.58,"y":1},"s":[0.1451,0,0.7686],"t":60},{"o":{"x":0,"y":0},"i":{"x":0.58,"y":1},"s":[0.1451,0,0.7686],"t":90},{"s":[0.1451,0,0.7686],"t":120}]}}],"ind":8},{"ty":4,"nm":"","sr":1,"st":0,"op":121,"ip":0,"hd":false,"ddd":0,"bm":0,"hasMask":false,"ao":0,"ks":{"a":{"a":1,"k":[{"o":{"x":0,"y":0},"i":{"x":0.58,"y":1},"s":[61.63,36.95],"t":0},{"o":{"x":0,"y":0},"i":{"x":0.58,"y":1},"s":[61.63,36.95],"t":30},{"o":{"x":0,"y":0},"i":{"x":0.58,"y":1},"s":[61.63,36.95],"t":60},{"o":{"x":0,"y":0},"i":{"x":0.58,"y":1},"s":[61.63,36.95],"t":90},{"s":[61.63,36.95],"t":120}]},"s":{"a":1,"k":[{"o":{"x":0,"y":0},"i":{"x":0.58,"y":1},"s":[100,100],"t":0},{"o":{"x":0,"y":0},"i":{"x":0.58,"y":1},"s":[100,100],"t":30},{"o":{"x":0,"y":0},"i":{"x":0.58,"y":1},"s":[100,100],"t":60},{"o":{"x":0,"y":0},"i":{"x":0.58,"y":1},"s":[100,100],"t":90},{"s":[100,100],"t":120}]},"sk":{"a":0,"k":0},"p":{"a":1,"k":[{"o":{"x":0,"y":0},"i":{"x":0.58,"y":1},"s":[260.63,175.95],"t":0},{"o":{"x":0,"y":0},"i":{"x":0.58,"y":1},"s":[260.63,175.95],"t":30},{"o":{"x":0,"y":0},"i":{"x":0.58,"y":1},"s":[260.63,175.95],"t":60},{"o":{"x":0,"y":0},"i":{"x":0.58,"y":1},"s":[291.63,194.95],"t":90},{"s":[322.63,213.95],"t":120}]},"r":{"a":1,"k":[{"o":{"x":0,"y":0},"i":{"x":0.58,"y":1},"s":[0],"t":0},{"o":{"x":0,"y":0},"i":{"x":0.58,"y":1},"s":[0],"t":30},{"o":{"x":0,"y":0},"i":{"x":0.58,"y":1},"s":[0],"t":60},{"o":{"x":0,"y":0},"i":{"x":0.58,"y":1},"s":[0],"t":90},{"s":[0],"t":120}]},"sa":{"a":0,"k":0},"o":{"a":1,"k":[{"o":{"x":0,"y":0},"i":{"x":0.58,"y":1},"s":[100],"t":0},{"o":{"x":0,"y":0},"i":{"x":0.58,"y":1},"s":[100],"t":30},{"o":{"x":0,"y":0},"i":{"x":0.58,"y":1},"s":[100],"t":60},{"o":{"x":0,"y":0},"i":{"x":0.58,"y":1},"s":[100],"t":90},{"s":[100],"t":120}]}},"ef":[],"shapes":[{"ty":"sh","bm":0,"hd":false,"nm":"","d":1,"ks":{"a":1,"k":[{"o":{"x":0,"y":0},"i":{"x":0.58,"y":1},"s":[{"c":true,"i":[[0,0],[0,0],[0,0],[0,0],[0,0]],"o":[[0,0],[0,0],[0,0],[0,0],[0,0]],"v":[[61.63,0],[0,36.93],[61.63,73.9],[123.25,36.97],[61.63,0]]}],"t":0},{"o":{"x":0,"y":0},"i":{"x":0.58,"y":1},"s":[{"c":true,"i":[[0,0],[0,0],[0,0],[0,0],[0,0]],"o":[[0,0],[0,0],[0,0],[0,0],[0,0]],"v":[[61.63,0],[0,36.93],[61.63,73.9],[123.25,36.97],[61.63,0]]}],"t":30},{"o":{"x":0,"y":0},"i":{"x":0.58,"y":1},"s":[{"c":true,"i":[[0,0],[0,0],[0,0],[0,0],[0,0]],"o":[[0,0],[0,0],[0,0],[0,0],[0,0]],"v":[[61.63,0],[0,36.93],[61.63,73.9],[123.25,36.97],[61.63,0]]}],"t":60},{"o":{"x":0,"y":0},"i":{"x":0.58,"y":1},"s":[{"c":true,"i":[[0,0],[0,0],[0,0],[0,0],[0,0]],"o":[[0,0],[0,0],[0,0],[0,0],[0,0]],"v":[[61.63,0],[0,36.93],[61.63,73.9],[123.25,36.97],[61.63,0]]}],"t":90},{"s":[{"c":true,"i":[[0,0],[0,0],[0,0],[0,0],[0,0]],"o":[[0,0],[0,0],[0,0],[0,0],[0,0]],"v":[[61.63,0],[0,36.93],[61.63,73.9],[123.25,36.97],[61.63,0]]}],"t":120}]}},{"ty":"fl","bm":0,"hd":false,"nm":"","c":{"a":1,"k":[{"o":{"x":0,"y":0},"i":{"x":0.58,"y":1},"s":[0.9961,0.9529,0.9529],"t":0},{"o":{"x":0,"y":0},"i":{"x":0.58,"y":1},"s":[0.9961,0.9529,0.9529],"t":30},{"o":{"x":0,"y":0},"i":{"x":0.58,"y":1},"s":[0.9961,0.9529,0.9529],"t":60},{"o":{"x":0,"y":0},"i":{"x":0.58,"y":1},"s":[0.9961,0.9529,0.9529],"t":90},{"s":[0.9961,0.9529,0.9529],"t":120}]},"r":1,"o":{"a":1,"k":[{"o":{"x":0,"y":0},"i":{"x":0.58,"y":1},"s":[100],"t":0},{"o":{"x":0,"y":0},"i":{"x":0.58,"y":1},"s":[100],"t":30},{"o":{"x":0,"y":0},"i":{"x":0.58,"y":1},"s":[100],"t":60},{"o":{"x":0,"y":0},"i":{"x":0.58,"y":1},"s":[100],"t":90},{"s":[100],"t":120}]}},{"ty":"st","bm":0,"hd":false,"nm":"","lc":2,"lj":2,"ml":10,"o":{"a":1,"k":[{"o":{"x":0,"y":0},"i":{"x":0.58,"y":1},"s":[100],"t":0},{"o":{"x":0,"y":0},"i":{"x":0.58,"y":1},"s":[100],"t":30},{"o":{"x":0,"y":0},"i":{"x":0.58,"y":1},"s":[100],"t":60},{"o":{"x":0,"y":0},"i":{"x":0.58,"y":1},"s":[100],"t":90},{"s":[100],"t":120}]},"w":{"a":1,"k":[{"o":{"x":0,"y":0},"i":{"x":0.58,"y":1},"s":[1],"t":0},{"o":{"x":0,"y":0},"i":{"x":0.58,"y":1},"s":[1],"t":30},{"o":{"x":0,"y":0},"i":{"x":0.58,"y":1},"s":[1],"t":60},{"o":{"x":0,"y":0},"i":{"x":0.58,"y":1},"s":[1],"t":90},{"s":[1],"t":120}]},"c":{"a":1,"k":[{"o":{"x":0,"y":0},"i":{"x":0.58,"y":1},"s":[0.1451,0,0.7686],"t":0},{"o":{"x":0,"y":0},"i":{"x":0.58,"y":1},"s":[0.1451,0,0.7686],"t":30},{"o":{"x":0,"y":0},"i":{"x":0.58,"y":1},"s":[0.1451,0,0.7686],"t":60},{"o":{"x":0,"y":0},"i":{"x":0.58,"y":1},"s":[0.1451,0,0.7686],"t":90},{"s":[0.1451,0,0.7686],"t":120}]}}],"ind":9},{"ty":4,"nm":"","sr":1,"st":0,"op":121,"ip":0,"hd":false,"ddd":0,"bm":0,"hasMask":false,"ao":0,"ks":{"a":{"a":1,"k":[{"o":{"x":0,"y":0},"i":{"x":0.58,"y":1},"s":[30.81,55.72],"t":0},{"o":{"x":0,"y":0},"i":{"x":0.58,"y":1},"s":[30.81,55.72],"t":30},{"o":{"x":0,"y":0},"i":{"x":0.58,"y":1},"s":[30.81,55.72],"t":60},{"o":{"x":0,"y":0},"i":{"x":0.58,"y":1},"s":[30.81,55.72],"t":90},{"s":[30.81,55.72],"t":120}]},"s":{"a":1,"k":[{"o":{"x":0,"y":0},"i":{"x":0.58,"y":1},"s":[100,100],"t":0},{"o":{"x":0,"y":0},"i":{"x":0.58,"y":1},"s":[100,100],"t":30},{"o":{"x":0,"y":0},"i":{"x":0.58,"y":1},"s":[100,100],"t":60},{"o":{"x":0,"y":0},"i":{"x":0.58,"y":1},"s":[100,100],"t":90},{"s":[100,100],"t":120}]},"sk":{"a":0,"k":0},"p":{"a":1,"k":[{"o":{"x":0,"y":0},"i":{"x":0.58,"y":1},"s":[106.81,231.65],"t":0},{"o":{"x":0,"y":0},"i":{"x":0.58,"y":1},"s":[137.81,212.65],"t":30},{"o":{"x":0,"y":0},"i":{"x":0.58,"y":1},"s":[168.81,194.65],"t":60},{"o":{"x":0,"y":0},"i":{"x":0.58,"y":1},"s":[199.81,213.65],"t":90},{"s":[230.81,232.65],"t":120}]},"r":{"a":1,"k":[{"o":{"x":0,"y":0},"i":{"x":0.58,"y":1},"s":[0],"t":0},{"o":{"x":0,"y":0},"i":{"x":0.58,"y":1},"s":[0],"t":30},{"o":{"x":0,"y":0},"i":{"x":0.58,"y":1},"s":[0],"t":60},{"o":{"x":0,"y":0},"i":{"x":0.58,"y":1},"s":[0],"t":90},{"s":[0],"t":120}]},"sa":{"a":0,"k":0},"o":{"a":1,"k":[{"o":{"x":0,"y":0},"i":{"x":0.58,"y":1},"s":[100],"t":0},{"o":{"x":0,"y":0},"i":{"x":0.58,"y":1},"s":[100],"t":30},{"o":{"x":0,"y":0},"i":{"x":0.58,"y":1},"s":[100],"t":60},{"o":{"x":0,"y":0},"i":{"x":0.58,"y":1},"s":[100],"t":90},{"s":[100],"t":120}]}},"ef":[],"shapes":[{"ty":"sh","bm":0,"hd":false,"nm":"","d":1,"ks":{"a":1,"k":[{"o":{"x":0,"y":0},"i":{"x":0.58,"y":1},"s":[{"c":true,"i":[[0,0],[0,0],[0,0],[0,0],[0,0]],"o":[[0,0],[0,0],[0,0],[0,0],[0,0]],"v":[[61.63,36.97],[61.63,111.43],[0,74.45],[0,0],[61.63,36.97]]}],"t":0},{"o":{"x":0,"y":0},"i":{"x":0.58,"y":1},"s":[{"c":true,"i":[[0,0],[0,0],[0,0],[0,0],[0,0]],"o":[[0,0],[0,0],[0,0],[0,0],[0,0]],"v":[[61.63,36.97],[61.63,111.43],[0,74.45],[0,0],[61.63,36.97]]}],"t":30},{"o":{"x":0,"y":0},"i":{"x":0.58,"y":1},"s":[{"c":true,"i":[[0,0],[0,0],[0,0],[0,0],[0,0]],"o":[[0,0],[0,0],[0,0],[0,0],[0,0]],"v":[[61.63,36.97],[61.63,111.43],[0,74.45],[0,0],[61.63,36.97]]}],"t":60},{"o":{"x":0,"y":0},"i":{"x":0.58,"y":1},"s":[{"c":true,"i":[[0,0],[0,0],[0,0],[0,0],[0,0]],"o":[[0,0],[0,0],[0,0],[0,0],[0,0]],"v":[[61.63,36.97],[61.63,111.43],[0,74.45],[0,0],[61.63,36.97]]}],"t":90},{"s":[{"c":true,"i":[[0,0],[0,0],[0,0],[0,0],[0,0]],"o":[[0,0],[0,0],[0,0],[0,0],[0,0]],"v":[[61.63,36.97],[61.63,111.43],[0,74.45],[0,0],[61.63,36.97]]}],"t":120}]}},{"ty":"fl","bm":0,"hd":false,"nm":"","c":{"a":1,"k":[{"o":{"x":0,"y":0},"i":{"x":0.58,"y":1},"s":[0.902,0.902,0.902],"t":0},{"o":{"x":0,"y":0},"i":{"x":0.58,"y":1},"s":[0.902,0.902,0.902],"t":30},{"o":{"x":0,"y":0},"i":{"x":0.58,"y":1},"s":[0.902,0.902,0.902],"t":60},{"o":{"x":0,"y":0},"i":{"x":0.58,"y":1},"s":[0.902,0.902,0.902],"t":90},{"s":[0.902,0.902,0.902],"t":120}]},"r":1,"o":{"a":1,"k":[{"o":{"x":0,"y":0},"i":{"x":0.58,"y":1},"s":[100],"t":0},{"o":{"x":0,"y":0},"i":{"x":0.58,"y":1},"s":[100],"t":30},{"o":{"x":0,"y":0},"i":{"x":0.58,"y":1},"s":[100],"t":60},{"o":{"x":0,"y":0},"i":{"x":0.58,"y":1},"s":[100],"t":90},{"s":[100],"t":120}]}},{"ty":"st","bm":0,"hd":false,"nm":"","lc":2,"lj":2,"ml":10,"o":{"a":1,"k":[{"o":{"x":0,"y":0},"i":{"x":0.58,"y":1},"s":[100],"t":0},{"o":{"x":0,"y":0},"i":{"x":0.58,"y":1},"s":[100],"t":30},{"o":{"x":0,"y":0},"i":{"x":0.58,"y":1},"s":[100],"t":60},{"o":{"x":0,"y":0},"i":{"x":0.58,"y":1},"s":[100],"t":90},{"s":[100],"t":120}]},"w":{"a":1,"k":[{"o":{"x":0,"y":0},"i":{"x":0.58,"y":1},"s":[1],"t":0},{"o":{"x":0,"y":0},"i":{"x":0.58,"y":1},"s":[1],"t":30},{"o":{"x":0,"y":0},"i":{"x":0.58,"y":1},"s":[1],"t":60},{"o":{"x":0,"y":0},"i":{"x":0.58,"y":1},"s":[1],"t":90},{"s":[1],"t":120}]},"c":{"a":1,"k":[{"o":{"x":0,"y":0},"i":{"x":0.58,"y":1},"s":[0.1451,0,0.7686],"t":0},{"o":{"x":0,"y":0},"i":{"x":0.58,"y":1},"s":[0.1451,0,0.7686],"t":30},{"o":{"x":0,"y":0},"i":{"x":0.58,"y":1},"s":[0.1451,0,0.7686],"t":60},{"o":{"x":0,"y":0},"i":{"x":0.58,"y":1},"s":[0.1451,0,0.7686],"t":90},{"s":[0.1451,0,0.7686],"t":120}]}}],"ind":10},{"ty":4,"nm":"","sr":1,"st":0,"op":121,"ip":0,"hd":false,"ddd":0,"bm":0,"hasMask":false,"ao":0,"ks":{"a":{"a":1,"k":[{"o":{"x":0,"y":0},"i":{"x":0.58,"y":1},"s":[30.81,55.7],"t":0},{"o":{"x":0,"y":0},"i":{"x":0.58,"y":1},"s":[30.81,55.7],"t":30},{"o":{"x":0,"y":0},"i":{"x":0.58,"y":1},"s":[30.81,55.7],"t":60},{"o":{"x":0,"y":0},"i":{"x":0.58,"y":1},"s":[30.81,55.7],"t":90},{"s":[30.81,55.7],"t":120}]},"s":{"a":1,"k":[{"o":{"x":0,"y":0},"i":{"x":0.58,"y":1},"s":[100,100],"t":0},{"o":{"x":0,"y":0},"i":{"x":0.58,"y":1},"s":[100,100],"t":30},{"o":{"x":0,"y":0},"i":{"x":0.58,"y":1},"s":[100,100],"t":60},{"o":{"x":0,"y":0},"i":{"x":0.58,"y":1},"s":[100,100],"t":90},{"s":[100,100],"t":120}]},"sk":{"a":0,"k":0},"p":{"a":1,"k":[{"o":{"x":0,"y":0},"i":{"x":0.58,"y":1},"s":[168.44,231.67],"t":0},{"o":{"x":0,"y":0},"i":{"x":0.58,"y":1},"s":[199.44,212.67],"t":30},{"o":{"x":0,"y":0},"i":{"x":0.58,"y":1},"s":[230.44,194.67],"t":60},{"o":{"x":0,"y":0},"i":{"x":0.58,"y":1},"s":[261.44,213.67],"t":90},{"s":[292.44,232.67],"t":120}]},"r":{"a":1,"k":[{"o":{"x":0,"y":0},"i":{"x":0.58,"y":1},"s":[0],"t":0},{"o":{"x":0,"y":0},"i":{"x":0.58,"y":1},"s":[0],"t":30},{"o":{"x":0,"y":0},"i":{"x":0.58,"y":1},"s":[0],"t":60},{"o":{"x":0,"y":0},"i":{"x":0.58,"y":1},"s":[0],"t":90},{"s":[0],"t":120}]},"sa":{"a":0,"k":0},"o":{"a":1,"k":[{"o":{"x":0,"y":0},"i":{"x":0.58,"y":1},"s":[100],"t":0},{"o":{"x":0,"y":0},"i":{"x":0.58,"y":1},"s":[100],"t":30},{"o":{"x":0,"y":0},"i":{"x":0.58,"y":1},"s":[100],"t":60},{"o":{"x":0,"y":0},"i":{"x":0.58,"y":1},"s":[100],"t":90},{"s":[100],"t":120}]}},"ef":[],"shapes":[{"ty":"sh","bm":0,"hd":false,"nm":"","d":1,"ks":{"a":1,"k":[{"o":{"x":0,"y":0},"i":{"x":0.58,"y":1},"s":[{"c":true,"i":[[0,0],[0,0],[0,0],[0,0],[0,0]],"o":[[0,0],[0,0],[0,0],[0,0],[0,0]],"v":[[0,36.93],[0,111.39],[61.63,74.42],[61.63,0],[0,36.93]]}],"t":0},{"o":{"x":0,"y":0},"i":{"x":0.58,"y":1},"s":[{"c":true,"i":[[0,0],[0,0],[0,0],[0,0],[0,0]],"o":[[0,0],[0,0],[0,0],[0,0],[0,0]],"v":[[0,36.93],[0,111.39],[61.63,74.42],[61.63,0],[0,36.93]]}],"t":30},{"o":{"x":0,"y":0},"i":{"x":0.58,"y":1},"s":[{"c":true,"i":[[0,0],[0,0],[0,0],[0,0],[0,0]],"o":[[0,0],[0,0],[0,0],[0,0],[0,0]],"v":[[0,36.93],[0,111.39],[61.63,74.42],[61.63,0],[0,36.93]]}],"t":60},{"o":{"x":0,"y":0},"i":{"x":0.58,"y":1},"s":[{"c":true,"i":[[0,0],[0,0],[0,0],[0,0],[0,0]],"o":[[0,0],[0,0],[0,0],[0,0],[0,0]],"v":[[0,36.93],[0,111.39],[61.63,74.42],[61.63,0],[0,36.93]]}],"t":90},{"s":[{"c":true,"i":[[0,0],[0,0],[0,0],[0,0],[0,0]],"o":[[0,0],[0,0],[0,0],[0,0],[0,0]],"v":[[0,36.93],[0,111.39],[61.63,74.42],[61.63,0],[0,36.93]]}],"t":120}]}},{"ty":"fl","bm":0,"hd":false,"nm":"","c":{"a":1,"k":[{"o":{"x":0,"y":0},"i":{"x":0.58,"y":1},"s":[0.9804,0.9804,0.9804],"t":0},{"o":{"x":0,"y":0},"i":{"x":0.58,"y":1},"s":[0.9804,0.9804,0.9804],"t":30},{"o":{"x":0,"y":0},"i":{"x":0.58,"y":1},"s":[0.9804,0.9804,0.9804],"t":60},{"o":{"x":0,"y":0},"i":{"x":0.58,"y":1},"s":[0.9804,0.9804,0.9804],"t":90},{"s":[0.9804,0.9804,0.9804],"t":120}]},"r":1,"o":{"a":1,"k":[{"o":{"x":0,"y":0},"i":{"x":0.58,"y":1},"s":[100],"t":0},{"o":{"x":0,"y":0},"i":{"x":0.58,"y":1},"s":[100],"t":30},{"o":{"x":0,"y":0},"i":{"x":0.58,"y":1},"s":[100],"t":60},{"o":{"x":0,"y":0},"i":{"x":0.58,"y":1},"s":[100],"t":90},{"s":[100],"t":120}]}},{"ty":"st","bm":0,"hd":false,"nm":"","lc":2,"lj":2,"ml":10,"o":{"a":1,"k":[{"o":{"x":0,"y":0},"i":{"x":0.58,"y":1},"s":[100],"t":0},{"o":{"x":0,"y":0},"i":{"x":0.58,"y":1},"s":[100],"t":30},{"o":{"x":0,"y":0},"i":{"x":0.58,"y":1},"s":[100],"t":60},{"o":{"x":0,"y":0},"i":{"x":0.58,"y":1},"s":[100],"t":90},{"s":[100],"t":120}]},"w":{"a":1,"k":[{"o":{"x":0,"y":0},"i":{"x":0.58,"y":1},"s":[1],"t":0},{"o":{"x":0,"y":0},"i":{"x":0.58,"y":1},"s":[1],"t":30},{"o":{"x":0,"y":0},"i":{"x":0.58,"y":1},"s":[1],"t":60},{"o":{"x":0,"y":0},"i":{"x":0.58,"y":1},"s":[1],"t":90},{"s":[1],"t":120}]},"c":{"a":1,"k":[{"o":{"x":0,"y":0},"i":{"x":0.58,"y":1},"s":[0.1451,0,0.7686],"t":0},{"o":{"x":0,"y":0},"i":{"x":0.58,"y":1},"s":[0.1451,0,0.7686],"t":30},{"o":{"x":0,"y":0},"i":{"x":0.58,"y":1},"s":[0.1451,0,0.7686],"t":60},{"o":{"x":0,"y":0},"i":{"x":0.58,"y":1},"s":[0.1451,0,0.7686],"t":90},{"s":[0.1451,0,0.7686],"t":120}]}}],"ind":11},{"ty":4,"nm":"","sr":1,"st":0,"op":121,"ip":0,"hd":false,"ddd":0,"bm":0,"hasMask":false,"ao":0,"ks":{"a":{"a":1,"k":[{"o":{"x":0,"y":0},"i":{"x":0.58,"y":1},"s":[61.63,36.95],"t":0},{"o":{"x":0,"y":0},"i":{"x":0.58,"y":1},"s":[61.63,36.95],"t":30},{"o":{"x":0,"y":0},"i":{"x":0.58,"y":1},"s":[61.63,36.95],"t":60},{"o":{"x":0,"y":0},"i":{"x":0.58,"y":1},"s":[61.63,36.95],"t":90},{"s":[61.63,36.95],"t":120}]},"s":{"a":1,"k":[{"o":{"x":0,"y":0},"i":{"x":0.58,"y":1},"s":[100,100],"t":0},{"o":{"x":0,"y":0},"i":{"x":0.58,"y":1},"s":[100,100],"t":30},{"o":{"x":0,"y":0},"i":{"x":0.58,"y":1},"s":[100,100],"t":60},{"o":{"x":0,"y":0},"i":{"x":0.58,"y":1},"s":[100,100],"t":90},{"s":[100,100],"t":120}]},"sk":{"a":0,"k":0},"p":{"a":1,"k":[{"o":{"x":0,"y":0},"i":{"x":0.58,"y":1},"s":[137.63,175.95],"t":0},{"o":{"x":0,"y":0},"i":{"x":0.58,"y":1},"s":[168.63,156.95],"t":30},{"o":{"x":0,"y":0},"i":{"x":0.58,"y":1},"s":[199.63,138.95],"t":60},{"o":{"x":0,"y":0},"i":{"x":0.58,"y":1},"s":[230.63,157.95],"t":90},{"s":[261.63,176.95],"t":120}]},"r":{"a":1,"k":[{"o":{"x":0,"y":0},"i":{"x":0.58,"y":1},"s":[0],"t":0},{"o":{"x":0,"y":0},"i":{"x":0.58,"y":1},"s":[0],"t":30},{"o":{"x":0,"y":0},"i":{"x":0.58,"y":1},"s":[0],"t":60},{"o":{"x":0,"y":0},"i":{"x":0.58,"y":1},"s":[0],"t":90},{"s":[0],"t":120}]},"sa":{"a":0,"k":0},"o":{"a":1,"k":[{"o":{"x":0,"y":0},"i":{"x":0.58,"y":1},"s":[100],"t":0},{"o":{"x":0,"y":0},"i":{"x":0.58,"y":1},"s":[100],"t":30},{"o":{"x":0,"y":0},"i":{"x":0.58,"y":1},"s":[100],"t":60},{"o":{"x":0,"y":0},"i":{"x":0.58,"y":1},"s":[100],"t":90},{"s":[100],"t":120}]}},"ef":[],"shapes":[{"ty":"sh","bm":0,"hd":false,"nm":"","d":1,"ks":{"a":1,"k":[{"o":{"x":0,"y":0},"i":{"x":0.58,"y":1},"s":[{"c":true,"i":[[0,0],[0,0],[0,0],[0,0],[0,0]],"o":[[0,0],[0,0],[0,0],[0,0],[0,0]],"v":[[61.63,0],[0,36.93],[61.63,73.9],[123.25,36.97],[61.63,0]]}],"t":0},{"o":{"x":0,"y":0},"i":{"x":0.58,"y":1},"s":[{"c":true,"i":[[0,0],[0,0],[0,0],[0,0],[0,0]],"o":[[0,0],[0,0],[0,0],[0,0],[0,0]],"v":[[61.63,0],[0,36.93],[61.63,73.9],[123.25,36.97],[61.63,0]]}],"t":30},{"o":{"x":0,"y":0},"i":{"x":0.58,"y":1},"s":[{"c":true,"i":[[0,0],[0,0],[0,0],[0,0],[0,0]],"o":[[0,0],[0,0],[0,0],[0,0],[0,0]],"v":[[61.63,0],[0,36.93],[61.63,73.9],[123.25,36.97],[61.63,0]]}],"t":60},{"o":{"x":0,"y":0},"i":{"x":0.58,"y":1},"s":[{"c":true,"i":[[0,0],[0,0],[0,0],[0,0],[0,0]],"o":[[0,0],[0,0],[0,0],[0,0],[0,0]],"v":[[61.63,0],[0,36.93],[61.63,73.9],[123.25,36.97],[61.63,0]]}],"t":90},{"s":[{"c":true,"i":[[0,0],[0,0],[0,0],[0,0],[0,0]],"o":[[0,0],[0,0],[0,0],[0,0],[0,0]],"v":[[61.63,0],[0,36.93],[61.63,73.9],[123.25,36.97],[61.63,0]]}],"t":120}]}},{"ty":"fl","bm":0,"hd":false,"nm":"","c":{"a":1,"k":[{"o":{"x":0,"y":0},"i":{"x":0.58,"y":1},"s":[0.9961,0.9529,0.9529],"t":0},{"o":{"x":0,"y":0},"i":{"x":0.58,"y":1},"s":[0.9961,0.9529,0.9529],"t":30},{"o":{"x":0,"y":0},"i":{"x":0.58,"y":1},"s":[0.9961,0.9529,0.9529],"t":60},{"o":{"x":0,"y":0},"i":{"x":0.58,"y":1},"s":[0.9961,0.9529,0.9529],"t":90},{"s":[0.9961,0.9529,0.9529],"t":120}]},"r":1,"o":{"a":1,"k":[{"o":{"x":0,"y":0},"i":{"x":0.58,"y":1},"s":[100],"t":0},{"o":{"x":0,"y":0},"i":{"x":0.58,"y":1},"s":[100],"t":30},{"o":{"x":0,"y":0},"i":{"x":0.58,"y":1},"s":[100],"t":60},{"o":{"x":0,"y":0},"i":{"x":0.58,"y":1},"s":[100],"t":90},{"s":[100],"t":120}]}},{"ty":"st","bm":0,"hd":false,"nm":"","lc":2,"lj":2,"ml":10,"o":{"a":1,"k":[{"o":{"x":0,"y":0},"i":{"x":0.58,"y":1},"s":[100],"t":0},{"o":{"x":0,"y":0},"i":{"x":0.58,"y":1},"s":[100],"t":30},{"o":{"x":0,"y":0},"i":{"x":0.58,"y":1},"s":[100],"t":60},{"o":{"x":0,"y":0},"i":{"x":0.58,"y":1},"s":[100],"t":90},{"s":[100],"t":120}]},"w":{"a":1,"k":[{"o":{"x":0,"y":0},"i":{"x":0.58,"y":1},"s":[1],"t":0},{"o":{"x":0,"y":0},"i":{"x":0.58,"y":1},"s":[1],"t":30},{"o":{"x":0,"y":0},"i":{"x":0.58,"y":1},"s":[1],"t":60},{"o":{"x":0,"y":0},"i":{"x":0.58,"y":1},"s":[1],"t":90},{"s":[1],"t":120}]},"c":{"a":1,"k":[{"o":{"x":0,"y":0},"i":{"x":0.58,"y":1},"s":[0.1451,0,0.7686],"t":0},{"o":{"x":0,"y":0},"i":{"x":0.58,"y":1},"s":[0.1451,0,0.7686],"t":30},{"o":{"x":0,"y":0},"i":{"x":0.58,"y":1},"s":[0.1451,0,0.7686],"t":60},{"o":{"x":0,"y":0},"i":{"x":0.58,"y":1},"s":[0.1451,0,0.7686],"t":90},{"s":[0.1451,0,0.7686],"t":120}]}}],"ind":12},{"ty":1,"nm":"","sr":1,"st":0,"op":121,"ip":0,"hd":false,"ddd":0,"bm":0,"hasMask":false,"ao":0,"ks":{"a":{"a":0,"k":[0,0]},"s":{"a":0,"k":[100,100]},"sk":{"a":0,"k":0},"p":{"a":0,"k":[0,0]},"r":{"a":0,"k":0},"sa":{"a":0,"k":0},"o":{"a":0,"k":100}},"ef":[],"sc":"#0c0c0c","sh":464,"sw":459,"ind":13}],"v":"5.7.0","fr":30,"op":120,"ip":0,"assets":[]}